round,time_sec,fighter,strike,target,result
1,4.2,red,jab,head,missed
1,5.0,red,cross,head,blocked
1,7.8,blue,kick,leg,landed
1,12.1,red,jab,head,landed
1,12.5,red,hook,head,missed
1,19.4,blue,teep,body,landed
1,23.0,blue,kick,leg,landed
1,31.6,red,jab,body,landed
1,32.2,red,cross,head,landed
1,40.9,blue,jab,head,missed
1,41.3,blue,cross,head,blocked
1,55.7,red,kick,leg,landed
1,63.0,blue,knee,body,landed
1,78.4,red,uppercut,head,landed_flush
1,79.1,red,hook,head,landed
1,92.8,blue,kick,leg,landed_flush
1,110.2,red,jab,head,missed
1,131.5,blue,overhand,head,missed
1,150.0,red,elbow,head,landed
1,188.3,blue,kick,leg,blocked
1,214.6,red,cross,body,landed
1,247.9,blue,jab,head,landed
1,283.1,red,kick,leg,landed
1,296.4,blue,hook,head,missed
